Name,Conscientiousness,Conscientiousness_SampleError,Openness,Openness_SampleError,Agreeablenes,Agreeablenes_SampleError,Emotionalrange,Emotionalrange_SampleError,Extraversion,Extraversion_SampleError
Adam Schiff,38,8,84,4,9,8,45,8,42,4
Al Franken,64,8,71,4,21,8,22,8,56,4
Albio Sires,90,8,89,5,18,8,13,7,40,4
Alcee L. Hastings,78,9,74,5,22,9,29,8,50,5
Alma S. Adams,81,9,73,5,34,9,17,8,42,5
Amy Klobuchar,66,8,66,4,15,8,35,8,41,4
André Carson,15,9,53,5,79,9,56,8,60,5
Ann McLane Kuster,89,8,74,4,45,8,16,7,55,4
Barbara Mikulski,53,8,56,4,17,8,43,8,48,4
Ben Ray Lujan,87,8,89,5,6,8,20,8,11,5
Bernie Sanders,28,8,78,4,6,8,47,8,23,4
Betty McCollum,79,8,80,4,19,8,22,8,39,4
Bill Foster,71,8,75,4,38,8,20,7,53,4
Bill Keating,96,8,86,5,21,8,9,8,35,5
Bill Nelson,59,9,86,5,13,9,31,8,21,5
Bill Pascrell,88,8,86,5,22,8,15,8,32,4
Bob Brady,85,9,78,5,34,9,17,8,47,5
Bobby L. Rush,84,9,89,5,9,9,15,8,23,5
Bonnie WatsonColeman,53,8,79,5,17,8,34,7,43,4
Brad Ashford,79,8,73,4,36,8,22,7,43,4
Brad Sherman,62,9,93,5,5,9,15,8,48,5
Brenda Lawrence,67,8,82,5,18,8,24,7,55,4
Brendan Boyle,77,8,82,4,19,8,25,7,32,4
Brian Higgins,94,8,88,4,8,8,13,7,14,4
Brian Schatz,80,8,79,4,28,8,21,7,41,4
Carolyn  B. Maloney,67,8,78,4,12,8,34,7,42,4
Chaka Fattah,92,8,91,4,7,8,17,7,9,4
Charles Rangel,48,8,43,5,54,8,41,7,85,4
Chellie Pingree,55,8,77,4,15,8,36,7,46,4
Chris Murphy,52,8,77,4,16,8,34,8,47,4
Chris Van Hollen,53,8,66,5,34,8,37,8,66,5
Chuck Schumer,74,8,76,4,14,8,25,7,34,4
Claire McCaskill,15,9,53,5,79,9,56,8,60,5
Collin Peterson,92,10,85,6,33,10,2,9,52,6
Congressman Al Green,15,9,53,5,79,9,56,8,60,5
Congressman Ami Bera,72,8,41,4,54,8,26,7,71,4
Congressman Nadler,51,8,85,4,6,8,42,7,44,4
Congressman Sam Farr,66,8,62,4,36,8,24,7,62,4
Congressman Tim Ryan,72,8,69,4,35,8,25,8,51,4
Congressmember Bass,15,9,53,5,79,9,56,8,60,5
Corrine Brown,81,8,85,5,10,8,18,8,33,5
Cory Booker,36,8,13,4,98,8,9,7,99,4
D Wasserman Schultz,60,8,68,4,48,8,28,8,75,4
Dave Loebsack,89,9,79,5,41,9,11,8,68,5
David E. Price,83,8,84,4,12,8,19,7,27,4
David N. Cicilline,79,8,67,4,46,8,22,7,63,4
David Scott,60,8,88,5,6,8,27,8,22,5
Debbie Stabenow,15,9,53,5,79,9,56,8,60,5
Denny Heck,74,8,79,4,17,8,16,7,23,4
Dina Titus,77,8,46,5,73,8,14,7,85,4
Donald Norcross,85,8,79,4,30,8,19,7,47,4
Donald Payne Jr.,66,8,74,4,16,8,29,7,42,4
Dutch Ruppersberger,86,8,78,5,33,8,16,7,52,4
Earl Blumenauer,64,8,82,4,9,8,39,7,25,4
Ed Markey,55,8,73,4,8,8,44,7,35,4
Elijah E. Cummings,67,8,84,5,11,8,27,8,34,5
Eliot Engel,67,8,79,5,19,8,30,8,44,5
Elizabeth Esty,79,8,65,4,47,8,22,8,60,4
Elizabeth Warren,48,8,70,5,12,8,38,8,40,5
Frederica Wilson,15,9,53,5,79,9,56,8,60,5
G. K. Butterfield,83,8,86,5,15,8,13,7,34,4
Gerry Connolly,78,8,84,4,13,8,25,8,40,4
Grace Meng,84,8,82,4,19,8,17,7,48,4
Gregory Meeks,76,8,92,4,9,8,20,7,26,4
Gwen Moore,52,8,56,4,43,8,36,7,77,4
Hakeem Jeffries,75,8,89,5,9,8,29,8,20,5
Hillary Clinton,35,8,56,4,43,8,38,7,71,4
Jackie Speier,40,8,81,4,7,8,40,7,51,4
James E. Clyburn,75,8,80,5,26,8,19,7,46,4
Jan Schakowsky,53,8,70,4,23,8,32,7,59,4
Janice Hahn,15,9,53,5,79,9,56,8,60,5
Jared Huffman,83,8,84,4,12,8,22,7,29,4
Jerry McNerney,79,8,70,5,29,8,22,8,53,5
Jim Cooper,68,9,75,5,27,9,36,8,41,5
Jim Himes,31,8,80,4,13,8,38,7,55,4
Jim Langevin,88,8,65,4,64,8,15,8,76,4
Jim McDermott,40,8,74,4,8,8,41,7,47,4
Joaquin Castro,71,8,84,5,18,8,24,8,46,4
John Conyers,60,8,88,5,5,8,38,8,16,5
John Garamendi,52,8,81,5,7,8,35,7,30,4
John Lewis,47,8,65,5,43,8,34,7,73,4
Jose E. Serrano,94,8,90,4,22,8,9,7,43,4
Joyce Beatty,87,8,79,4,31,8,14,7,48,4
Judy Chu,48,8,65,4,20,8,45,7,48,4
Julia Brownley,15,9,53,5,79,9,56,8,60,5
Katherine Clark,61,8,47,5,63,8,28,7,87,4
Kathleen Rice,77,8,74,5,30,8,18,8,60,5
Kirsten Gillibrand,47,8,60,4,23,8,38,8,73,4
Kyrsten Sinema,84,8,47,5,84,8,18,7,69,4
Lacy Clay,77,8,78,5,18,8,20,7,50,4
Lloyd Doggett,65,8,80,4,12,8,27,7,45,4
Lois Capps,83,8,82,4,26,8,16,7,45,4
Loretta Sanchez,15,9,53,5,79,9,56,8,60,5
Louise Slaughter,68,8,70,4,23,8,27,7,44,4
Luis V. Gutierrez,48,8,75,4,20,8,33,7,61,4
Marcy Kaptur,85,8,86,4,12,8,20,7,15,4
Mark DeSaulnier,15,9,53,5,79,9,56,8,60,5
Mark Takai,87,9,81,5,42,9,13,8,47,5
Mark Takano,63,8,70,5,31,8,27,8,49,5
Mark Warner,74,8,82,4,12,8,26,7,42,4
Martin Heinrich,86,8,84,4,17,8,15,7,29,4
Matt Cartwright,61,8,83,5,14,8,28,8,39,5
Maxine Waters,65,8,82,5,11,8,23,8,39,4
Michael F. Bennet,74,8,73,5,27,8,24,8,36,4
MichelleLujanGrisham,76,8,73,4,32,8,20,7,53,4
Mike Capuano,64,9,63,5,40,9,9,8,84,5
Mike Doyle,69,9,92,5,4,9,29,8,11,5
Mike Quigley,70,8,58,4,38,8,29,8,58,4
Mike Thompson,86,8,79,4,23,8,21,7,27,4
Nancy Pelosi,61,8,66,4,27,8,34,8,53,4
Niki Tsongas,82,8,78,4,15,8,20,8,30,4
Nita Lowey,49,8,78,5,8,8,45,7,37,4
Office of Sen. Coons,88,8,97,4,2,8,11,7,8,4
Patrick Murphy,92,8,72,5,62,8,8,7,65,4
Paul Tonko,62,8,78,4,9,8,35,7,21,4
Pete Aguilar,77,9,46,5,77,9,19,8,69,5
Pete Gallego,84,8,79,4,20,8,17,7,34,4
Raul M. Grijalva,42,8,78,4,7,8,45,7,33,4
Raul Ruiz,92,9,71,5,52,9,13,8,68,5
Rep Cedric Richmond,81,8,76,5,26,8,18,7,42,4
Rep Donna F Edwards,63,8,69,4,18,8,33,7,35,4
Rep Peter DeFazio,51,9,83,5,6,9,35,8,18,5
Rep. Adam Smith,76,8,75,4,33,8,25,7,50,4
Rep. Alan Grayson,46,8,77,4,10,8,28,7,59,4
Rep. Alan Lowenthal,15,9,53,5,79,9,56,8,60,5
Rep. Ann Kirkpatrick,80,8,63,5,28,8,17,7,58,4
Rep. Anna G. Eshoo,84,8,84,5,13,8,19,8,25,5
Rep. Barbara Lee,64,8,68,4,24,8,36,8,48,4
Rep. Beto O'Rourke,78,8,73,4,34,8,16,7,49,4
Rep. Bobby Scott,91,8,88,4,14,8,10,7,44,4
Rep. Cheri Bustos,15,9,53,5,79,9,56,8,60,5
Rep. Dan Kildee,57,8,61,4,46,8,28,7,74,4
Rep. Daniel Lipinski,90,8,86,5,29,8,17,8,31,5
Rep. Danny Davis,76,9,84,5,14,9,16,8,43,5
Rep. Debbie Dingell,70,9,48,5,64,9,29,8,80,5
Rep. Derek Kilmer,83,8,75,5,44,8,19,8,44,5
Rep. Diana DeGette,51,8,56,4,35,8,35,7,73,4
Rep. Don Beyer,66,8,75,5,40,8,26,7,62,4
Rep. Doris Matsui,78,8,71,5,23,8,20,7,50,4
Rep. Ed Perlmutter,89,8,82,4,20,8,15,7,19,4
Rep. Emanuel Cleaver,59,8,76,4,30,8,27,8,50,4
Rep. Eric Swalwell,53,8,55,4,39,8,29,7,68,4
Rep. Frank Pallone,72,8,78,4,11,8,33,8,35,4
Rep. Gene Green,80,9,74,5,31,9,20,8,53,5
Rep. Gwen Graham,89,9,73,5,53,9,9,8,58,5
Rep. Hank Johnson,72,8,76,4,15,8,23,7,47,4
Rep. Henry Cuellar,88,8,86,4,20,8,11,7,30,4
Rep. Jared Polis,69,8,74,5,17,8,25,8,37,5
Rep. Jim Costa,87,8,64,5,55,8,15,8,65,5
Rep. Jim McGovern,64,8,62,4,44,8,33,7,69,4
Rep. Joe Courtney,85,8,86,4,11,8,21,8,18,4
Rep. Joe Crowley,60,8,67,4,20,8,37,7,56,4
Rep. Joe Kennedy III,68,8,59,4,74,8,28,7,72,4
Rep. John Carney,15,9,53,5,79,9,56,8,60,5
Rep. John Delaney,15,9,53,5,79,9,56,8,60,5
Rep. John Larson,87,8,77,4,32,8,16,7,42,4
Rep. John Sarbanes,45,9,72,5,16,9,30,8,48,5
Rep. John Yarmuth,81,8,78,5,24,8,23,7,36,4
Rep. Juan Vargas,95,9,74,5,52,9,9,8,63,5
Rep. Keith Ellison,44,8,80,4,10,8,31,7,53,4
Rep. Kurt Schrader,82,8,82,4,23,8,14,7,37,4
Rep. Lois Frankel,60,8,58,4,42,8,30,8,70,4
Rep. Marc Veasey,85,8,67,4,31,8,16,7,43,4
Rep. Marcia L. Fudge,79,8,79,4,22,8,17,8,46,4
Rep. Mark Pocan,41,8,68,4,17,8,38,7,53,4
Rep. Mike Honda,74,8,73,4,19,8,27,7,46,4
Rep. Norma Torres,77,8,71,5,25,8,18,8,56,5
Rep. Nydia Velazquez,62,9,75,5,29,9,46,8,39,5
Rep. Pete Visclosky,15,9,53,5,79,9,56,8,60,5
Rep. Peter Welch,55,9,74,5,15,9,27,8,47,5
Rep. Richard Neal,98,9,93,5,21,9,3,8,25,5
Rep. Rick Larsen,61,8,77,4,9,8,30,7,22,4
Rep. Ron Kind,78,8,71,5,39,8,16,8,51,5
Rep. Roybal-Allard,81,8,76,4,28,8,19,7,47,4
Rep. Rubén Hinojosa,96,8,92,4,18,8,7,7,17,4
Rep. Scott Peters,78,8,70,4,38,8,21,7,54,4
Rep. Stephen Lynch,80,8,87,4,19,8,16,7,49,4
Rep. Susan Davis,69,8,68,5,32,8,26,8,51,5
Rep. Suzan DelBene,76,8,72,4,19,8,28,7,34,4
Rep. Ted Deutch,49,8,76,4,16,8,39,7,53,4
Rep. Ted Lieu,69,8,71,5,18,8,28,8,57,5
Rep. Terri A. Sewell,86,8,78,4,35,8,16,7,45,4
Rep. Tony Cárdenas,56,8,59,4,42,8,25,7,72,4
Rep. Tulsi Gabbard,85,8,80,5,15,8,15,7,49,4
Rep. Zoe Lofgren,66,8,75,5,20,8,29,8,45,5
Rep.Grace Napolitano,61,8,59,5,34,8,35,8,69,5
RepBThompson,95,9,89,5,26,9,4,8,47,5
Richard Blumenthal,44,8,81,4,7,8,45,8,42,4
Robin Kelly,79,8,84,5,18,8,16,8,34,5
Ron Wyden,57,8,74,4,11,8,35,8,43,4
Rosa DeLauro,51,8,66,4,23,8,37,7,55,4
Sandy Levin,53,8,78,5,11,8,37,8,30,5
Sanford Bishop,97,8,81,5,46,8,4,8,49,5
Sean Patrick Maloney,84,8,76,4,48,8,15,7,59,4
Sen Dianne Feinstein,55,8,87,4,7,8,38,8,30,4
Sen. Barbara Boxer,47,8,71,4,17,8,40,7,58,4
Sen. Heidi Heitkamp,55,8,65,4,9,8,38,8,48,4
Sen. Jeanne Shaheen,67,8,76,4,19,8,26,8,53,4
Sen. Maria Cantwell,73,8,89,4,4,8,24,7,13,4
Sen. Patrick Leahy,61,8,85,4,6,8,39,7,26,4
Sen. Tammy Baldwin,73,8,74,4,23,8,23,7,45,4
Senator Ben Cardin,54,8,83,4,9,8,35,7,35,4
Senator Bob Casey,73,8,84,4,22,8,24,7,38,4
Senator Bob Menendez,46,8,61,4,16,8,39,8,63,4
Senator Dick Durbin,67,8,84,4,9,8,29,8,27,4
Senator Harry Reid,47,8,77,4,9,8,47,8,22,4
Senator Jack Reed,87,8,71,4,14,8,24,8,23,4
Senator Jeff Merkley,59,8,80,4,9,8,33,8,30,4
Senator Joe Donnelly,91,8,88,4,14,8,13,8,21,4
Senator Joe Manchin,86,8,73,4,50,8,14,8,69,4
Senator Jon Tester,81,8,82,5,17,8,18,7,30,4
Senator Mazie Hirono,79,8,82,4,22,8,23,7,38,4
Senator Patty Murray,58,8,71,4,12,8,34,8,29,4
Senator Tim Kaine,73,8,83,4,12,8,24,8,42,4
Senator Tom Carper,77,8,70,4,30,8,25,8,40,4
Seth Moulton,61,8,71,4,43,8,26,7,72,4
Sheila Jackson Lee,66,8,83,4,13,8,27,8,35,4
Sheldon Whitehouse,76,8,60,4,41,8,20,8,73,4
Sherrod Brown,66,8,78,4,11,8,31,7,28,4
Steny Hoyer,76,8,72,4,17,8,24,8,38,4
Steve Cohen,43,8,77,4,8,8,48,7,36,4
Steve Israel,64,8,76,4,14,8,34,8,45,4
Suzanne Bonamici,78,8,81,5,19,8,23,8,30,5
Tammy Duckworth,15,9,53,5,79,9,56,8,60,5
Tim Walz,91,8,73,5,55,8,17,8,48,5
Tom Udall,67,8,64,4,21,8,32,8,51,4
US Rep E.B.Johnson,75,8,79,4,20,8,21,8,39,4
US Rep Kathy Castor,64,8,66,5,18,8,34,8,44,5
US Rep. Filemon Vela,97,9,87,5,18,9,4,8,18,5
US Rep. Rick Nolan,76,8,66,5,35,8,22,7,49,4
Xavier Becerra,69,8,62,4,44,8,27,7,58,4
Yvette D. Clarke,61,8,84,4,6,8,32,7,27,4
Adam Kinzinger,70,8,74,4,31,8,20,8,57,4
Ander Crenshaw,76,8,87,5,6,8,31,8,16,4
Ann Wagner,80,8,80,4,36,8,15,7,60,4
Barbara Comstock,96,8,89,5,30,8,7,8,35,5
Barry Loudermilk,89,9,78,5,36,9,8,8,47,5
Bill Cassidy,70,8,67,4,37,8,21,8,66,4
Bill Johnson,79,8,81,4,35,8,16,7,46,4
Bill Posey,87,8,92,5,6,8,15,8,13,5
Bill Shuster,76,8,83,4,14,8,20,8,29,4
Blaine Luetkemeyer,84,9,83,5,27,9,16,8,43,5
Blake Farenthold,15,9,53,5,79,9,56,8,60,5
Bob Goodlatte,84,8,84,4,11,8,17,7,28,4
Brad Wenstrup,82,8,82,4,38,8,12,8,60,4
Brian Babin,56,8,62,5,35,8,32,8,69,5
Buddy Carter,94,9,71,5,57,9,11,8,60,5
Candice Miller,76,9,86,5,9,9,28,8,31,5
CathyMcMorrisRodgers,81,8,68,4,60,8,16,8,70,4
Charles Boustany,42,8,75,5,11,8,46,8,41,5
Chris Gibson,98,8,70,4,70,8,3,7,72,4
Chris Murphy,15,9,53,5,79,9,56,8,60,5
Chuck Fleischmann,80,8,73,5,30,8,17,7,51,4
ChuckGrassley,67,8,90,4,3,8,31,8,12,4
Cong. Mike Simpson,89,9,93,5,7,9,19,8,17,5
Cong. Steven Palazzo,80,8,81,5,27,8,18,8,48,5
Cong. Tim Huelskamp,46,8,82,4,8,8,38,8,37,4
Congressman Hice,85,9,60,5,83,9,12,8,91,5
Congressman Joe Heck,77,8,78,4,15,8,25,8,26,4
Congressman Ken Buck,60,9,79,5,17,9,30,8,46,5
Congressman Rod Blum,92,9,79,5,54,9,9,8,62,5
Congressman Tom Rice,73,9,69,5,40,9,17,8,56,5
CongressmanJoePitts,61,8,86,5,12,8,28,8,35,5
Cory Gardner,72,8,87,4,12,8,20,8,35,4
Dan Donovan,59,9,61,5,49,9,25,8,91,5
Dana Rohrabacher,2,8,74,4,2,8,84,8,36,4
Daniel Webster,86,8,74,4,45,8,13,8,62,4
Darin LaHood,91,9,54,6,86,9,6,8,85,5
Darrell Issa,70,8,95,4,4,8,24,7,14,4
Dave Joyce,87,8,73,4,52,8,14,7,57,4
Dave Reichert,87,8,81,4,43,8,13,7,49,4
David B. McKinley,72,8,87,4,12,8,20,8,27,4
David Jolly,87,8,75,5,50,8,9,8,77,4
David Perdue,56,8,63,5,42,8,28,8,68,4
David Rouzer,87,9,87,5,41,9,13,8,41,5
David Young,79,8,80,4,49,8,9,7,72,4
Dean Heller,89,8,85,4,31,8,12,7,49,4
Dennis Ross,15,9,53,5,79,9,56,8,60,5
Diane Black,55,8,60,4,39,8,28,8,73,4
Donald J. Trump,32,8,59,4,21,8,36,8,72,4
Doug Collins,70,8,76,4,41,8,17,7,67,4
Dr. Dan Benishek,85,9,74,5,40,9,12,8,48,5
Dr. Phil Roe,83,8,75,4,33,8,12,7,58,4
Dr. Rand Paul,15,9,53,5,79,9,56,8,60,5
Ed Royce,69,8,86,4,8,8,21,7,44,4
Frank LoBiondo,60,8,72,4,14,8,36,7,40,4
Frank Lucas,64,9,64,5,71,9,11,8,88,5
Fred Upton,83,8,76,4,46,8,14,7,62,4
French Hill,93,9,86,5,27,9,15,8,32,5
Gary Palmer,59,8,85,5,16,8,20,8,61,5
George Holding,73,9,82,5,24,9,18,8,38,5
Glenn 'GT' Thompson,87,8,93,4,6,8,15,8,18,4
Gregg Harper,78,8,86,4,19,8,16,7,44,4
Gus Bilirakis,82,8,68,4,45,8,21,7,59,4
Hal Rogers,90,8,91,5,7,8,14,8,16,5
Ileana Ros-Lehtinen,45,8,47,4,49,8,42,7,86,4
Inhofe Press Office,56,8,90,4,3,8,33,8,19,4
Jackie Walorski,80,8,75,4,34,8,19,8,52,4
JaimeHerreraBeutler,86,9,83,5,17,9,18,8,20,5
Jason Chaffetz,72,8,90,4,8,8,23,7,32,4
Jeb Hensarling,58,9,77,5,15,9,34,8,38,5
Jeff Denham,74,8,65,4,46,8,17,7,63,4
Jeff Flake,60,8,87,4,7,8,35,7,19,4
Jeff Fortenberry,90,8,84,4,21,8,16,7,34,4
Jerry Moran,84,8,81,4,18,8,19,8,31,4
Jim Bridenstine,60,8,90,5,4,8,28,8,20,5
Joe Barton,44,8,71,5,9,8,34,8,41,4
Joe Wilson,77,9,71,5,50,9,21,8,65,5
John Carter,71,8,75,5,21,8,18,7,46,4
John Fleming,46,8,88,5,7,8,32,8,34,4
John Katko,95,9,67,6,80,9,9,9,69,5
John Kline,61,8,68,4,39,8,31,8,59,4
John McCain,48,8,79,4,4,8,40,7,44,4
John Mica,89,9,70,6,62,9,4,9,84,5
John Ratcliffe,63,9,81,5,22,9,26,8,57,5
John Shimkus,46,8,77,4,52,8,12,8,95,4
JohnCornyn,57,8,95,4,2,8,37,7,12,4
johnculberson,41,8,67,4,13,8,44,8,43,4
Johnny Isakson,86,8,71,4,50,8,16,7,69,4
Joni Ernst,74,9,78,5,31,9,18,8,64,5
Justin Amash,18,8,77,4,9,8,53,7,43,4
Keith Rothfus,81,8,67,4,34,8,18,8,37,4
Kelly Ayotte,63,8,71,4,20,8,31,8,63,4
Ken Calvert,61,8,88,4,4,8,36,8,8,4
Kenny Marchant,72,8,86,4,5,8,23,7,13,4
Kevin McCarthy,77,8,83,4,15,8,29,7,17,4
Lamar Smith,75,8,88,5,6,8,24,8,21,5
Larry Bucshon,81,8,83,4,20,8,16,7,29,4
Leader McConnell,60,8,85,5,9,8,38,8,27,5
Lee Zeldin,82,9,86,5,21,9,14,8,32,5
Lindsey Graham,44,8,92,4,6,8,35,8,40,4
Louie Gohmert,61,8,78,4,23,8,8,7,90,4
Lynn Jenkins,79,8,74,4,34,8,16,8,44,4
Lynn Westmoreland,15,9,53,5,79,9,56,8,60,5
Mac Thornberry Press,71,9,89,5,9,9,25,8,33,5
Marco Rubio,72,8,43,4,91,8,15,7,91,4
Mario Diaz-Balart,74,8,69,4,53,8,20,8,75,4
Mark Kirk,58,8,71,4,12,8,38,8,50,4
Mark Meadows,64,8,80,4,18,8,23,7,54,4
Mark Sanford,79,9,75,5,45,9,15,8,42,5
Markwayne Mullin,81,8,80,4,22,8,19,7,35,4
Marsha Blackburn,62,8,73,4,28,8,24,7,73,4
Martha McSally,76,8,73,5,53,8,14,8,76,5
Matt Salmon,77,8,82,4,21,8,19,8,47,4
Michael Burgess,69,8,79,4,31,8,14,8,74,4
Michael McCaul,65,8,83,5,29,8,22,8,79,5
Mike Bishop,86,9,71,5,57,9,15,8,69,5
Mike Conaway,66,9,84,5,8,9,25,8,20,5
Mike Enzi,57,8,85,4,4,8,44,8,9,4
Mike Fitzpatrick,89,8,87,4,24,8,15,8,25,4
Mike Lee,63,8,84,4,8,8,26,8,29,4
Mike Pompeo,34,8,78,4,6,8,46,8,38,4
Mike Rogers,82,8,88,4,23,8,13,7,33,4
Mimi Walters,89,8,85,4,15,8,9,7,41,4
Mo Brooks,80,8,76,5,45,8,13,8,72,5
Morgan Griffith,85,9,87,5,7,9,15,8,18,5
Orrin Hatch,59,8,86,4,7,8,26,8,38,4
Pat Roberts,15,9,53,5,79,9,56,8,60,5
Patrick McHenry,70,8,77,4,15,8,24,8,38,4
Patrick Meehan,74,8,83,4,11,8,24,7,34,4
Paul Ryan,64,8,81,4,14,8,31,7,25,4
Pete Sessions,88,8,87,4,38,8,6,8,43,4
Peter Roskam,54,8,86,4,7,8,34,7,29,4
Randy Forbes,69,8,79,4,14,8,21,8,50,4
Randy Neugebauer,78,8,83,4,20,8,16,8,42,4
Randy Weber,69,8,79,5,36,8,14,7,64,4
Raúl R. Labrador,74,8,80,5,24,8,18,8,57,5
Reid Ribble,80,8,78,4,33,8,16,7,44,4
Rep Dan Newhouse,83,9,82,5,17,9,21,8,26,5
Rep David Schweikert,75,8,73,4,37,8,17,8,57,4
Rep John Duncan Jr.,70,9,87,5,10,9,19,8,23,5
Rep Rick Crawford,80,8,73,4,43,8,16,7,56,4
Rep Robert Pittenger,53,8,81,4,11,8,34,8,42,4
Rep Tim Walberg,81,8,82,4,24,8,18,7,39,4
Rep. Adrian Smith,77,8,78,4,19,8,26,7,33,4
Rep. Alex Mooney,91,9,84,5,39,9,7,8,61,5
Rep. Andy Barr,83,8,78,4,19,8,19,7,35,4
Rep. Andy Harris,66,8,81,5,24,8,17,7,62,4
Rep. Austin Scott,0,0,0,0,0,0,0,0,0,0
Rep. Bill Flores,83,8,72,4,24,8,13,7,56,4
Rep. Bill Huizenga,72,8,85,4,10,8,20,8,21,4
Rep. Bob Gibbs,70,8,79,4,20,8,17,7,47,4
Rep. Bradley Byrne,73,8,86,4,19,8,23,8,31,4
Rep. Brett Guthrie,98,9,79,5,70,9,1,8,75,5
Rep. Bruce Poliquin,77,9,72,5,64,9,17,8,66,5
Rep. Bruce Westerman,90,8,88,5,17,8,6,8,35,5
Rep. Carlos Curbelo,83,8,74,5,30,8,18,8,57,5
Rep. Chris Collins,80,8,86,4,20,8,12,8,28,4
Rep. Chris Smith,65,9,82,5,7,9,28,8,49,5
Rep. Chris Stewart,63,8,74,4,23,8,26,7,55,4
Rep. Cresent Hardy,15,9,53,5,79,9,56,8,60,5
Rep. Curt Clawson,89,9,77,5,54,9,13,8,73,5
Rep. Cynthia Lummis,72,8,87,5,12,8,19,8,37,4
Rep. Dave Brat,67,9,81,5,17,9,25,8,45,5
Rep. Dave Trott,81,9,74,6,48,9,13,9,55,5
Rep. David Valadao,90,9,70,5,54,9,9,8,68,5
Rep. Devin Nunes,25,10,66,6,42,10,33,9,92,6
Rep. Don Young,80,8,83,5,14,8,22,8,33,5
Rep. Doug LaMalfa,70,9,78,5,26,9,27,8,33,5
Rep. Doug Lamborn,69,8,86,4,13,8,22,7,50,4
Rep. Duncan Hunter,49,9,84,6,5,9,41,9,26,5
Rep. Ed Whitfield,94,9,92,5,9,9,13,8,14,5
Rep. Elise Stefanik,92,8,81,5,54,8,7,8,52,5
Rep. Erik Paulsen,74,8,78,4,26,8,17,8,56,4
Rep. Evan Jenkins,89,8,84,5,42,8,10,8,57,5
Rep. Frank Guinta,80,8,75,5,42,8,15,7,56,4
Rep. Garret Graves,71,9,86,5,11,9,23,8,26,5
Rep. Glenn Grothman,91,9,85,5,36,9,8,8,50,5
Rep. Greg Walden,87,8,90,4,21,8,13,7,30,4
Rep. Jason Smith,80,8,84,4,14,8,20,7,24,4
Rep. Jeff Duncan,28,8,79,4,8,8,44,8,42,4
Rep. Jeff Miller,73,9,85,6,23,9,20,9,56,5
Rep. Jim Jordan,67,8,78,5,20,8,20,8,55,5
Rep. Jim Renacci,81,8,84,4,34,8,12,7,49,4
Rep. John Moolenaar,92,9,84,5,42,9,5,8,53,5
Rep. Kay Granger,85,8,90,5,18,8,11,8,37,4
Rep. Kevin Cramer,91,8,89,5,21,8,9,8,33,5
Rep. Kevin Yoder,92,8,77,4,44,8,7,8,49,4
Rep. Kristi Noem,74,8,69,4,48,8,16,8,62,4
Rep. Leonard Lance,82,8,86,5,10,8,21,8,30,5
Rep. Lou Barletta,70,8,81,5,11,8,25,7,31,4
Rep. Luke Messer,84,8,77,5,47,8,11,8,60,5
Rep. Mark Walker,81,9,72,5,38,9,16,8,44,5
Rep. Marlin Stutzman,76,8,77,5,19,8,22,8,35,5
Rep. Martha Roby,68,8,81,4,25,8,22,8,48,4
Rep. Mia Love,72,9,77,5,26,9,19,8,63,5
Rep. Mick Mulvaney,64,8,79,5,20,8,19,8,43,5
Rep. Mike Bost,95,9,94,5,27,9,3,8,32,5
Rep. Mike Coffman,78,8,86,4,8,8,20,7,23,4
Rep. Mike Kelly,73,8,63,5,34,8,34,7,60,4
Rep. Pat Tiberi,78,8,84,5,14,8,20,8,26,5
Rep. Paul Cook,85,8,75,5,44,8,16,8,51,5
Rep. Paul Gosar,75,8,87,4,10,8,22,8,26,4
Rep. Pete King,56,8,88,4,7,8,33,7,58,4
Rep. Pete Olson,79,8,73,4,21,8,21,8,46,4
Rep. Ralph Abraham,88,9,77,6,40,9,17,8,44,5
Rep. Randy Hultgren,68,8,79,4,13,8,26,8,32,4
Rep. Renee Ellmers,76,8,77,4,26,8,19,7,46,4
Rep. Richard Hanna,60,8,91,4,3,8,33,8,9,4
Rep. Rob Wittman,69,8,71,4,43,8,19,8,76,4
Rep. Robert Aderholt,80,8,86,5,13,8,18,8,23,4
Rep. Robert Hurt,87,8,84,4,37,8,16,7,27,4
Rep. Robert J. Dold,68,8,61,4,42,8,25,7,55,4
Rep. Roger Williams,70,8,83,5,14,8,24,7,39,4
Rep. Ryan Costello,96,9,84,5,42,9,4,8,41,5
Rep. Sam Graves,28,8,80,4,5,8,43,7,24,4
Rep. Scott Rigell,65,8,60,4,60,8,22,7,82,4
Rep. Scott Tipton,82,8,85,5,17,8,15,7,26,4
Rep. Steve Russell,37,9,71,6,33,9,26,8,87,5
Rep. Steve Scalise,81,8,74,4,40,8,19,7,53,4
Rep. Steve Womack,91,8,74,4,42,8,7,7,50,4
Rep. Todd Rokita,69,8,77,4,22,8,18,7,51,4
Rep. Todd Young,74,8,82,4,16,8,21,8,32,4
Rep. Tom Cole,85,8,82,5,32,8,21,8,36,5
Rep. Tom Marino,65,8,77,4,22,8,24,7,49,4
Rep. Trent Franks,53,8,84,4,7,8,35,7,43,4
Rep. Vern Buchanan,15,9,53,5,79,9,56,8,60,5
Rep. Vicky Hartzler,74,8,72,4,32,8,17,8,64,4
Rep. Walter Jones,74,8,90,4,5,8,24,7,22,4
Rep. Will Hurd,78,8,72,5,54,8,12,8,79,5
RepCharlieDent,84,8,81,5,21,8,15,8,47,4
RepKevinBrady,65,8,86,4,10,8,28,7,24,4
RepMarkAmodei,15,9,53,5,79,9,56,8,60,5
RepScottPerry,89,8,86,4,25,8,9,7,47,4
Rich Nugent,49,10,91,6,5,10,21,9,22,6
Richard Burr,65,8,76,4,30,8,22,7,62,4
Richard Hudson,68,8,63,4,52,8,28,8,66,4
Richard Shelby,79,9,93,5,4,9,19,8,15,5
Rick W. Allen,86,9,69,5,62,9,17,8,63,5
Rob Bishop,0,0,0,0,0,0,0,0,0,0
Rob Portman,77,8,73,4,25,8,24,8,48,4
Rob Woodall,87,9,78,5,58,9,9,8,63,5
Rodney Frelinghuysen,93,9,77,5,40,9,16,8,39,5
Ron DeSantis,49,8,76,4,17,8,25,7,60,4
Ryan Zinke,78,9,85,5,21,9,19,8,46,5
Sam Johnson,68,8,79,5,14,8,27,8,37,5
Scott DesJarlais,52,8,67,4,32,8,21,7,75,4
Scott Garrett,63,9,77,5,15,9,22,8,52,5
Sean Duffy,63,8,67,4,46,8,21,7,74,4
Sen. James Lankford,15,9,53,5,79,9,56,8,60,5
Sen. John Barrasso,52,8,80,4,6,8,36,7,27,4
Sen. Lamar Alexander,52,8,86,4,4,8,31,7,25,4
Sen. Lisa Murkowski,77,8,83,4,18,8,20,8,41,4
Sen. Susan Collins,69,8,92,5,3,8,27,8,24,5
Senator Ben Sasse,50,9,85,5,9,9,42,8,33,5
Senator Bob Corker,62,8,90,4,6,8,25,8,41,4
Senator Dan Coats,70,8,87,4,14,8,24,7,40,4
Senator David Vitter,0,0,0,0,0,0,0,0,0,0
Senator Deb Fischer,77,8,75,4,27,8,21,7,56,4
Senator Jim Risch,71,9,63,5,43,9,23,8,81,5
Senator John Boozman,77,8,81,4,27,8,15,7,57,4
Senator John Hoeven,92,8,76,5,22,8,16,7,37,4
Senator John Thune,82,8,84,4,17,8,17,8,38,4
Senator Mike Crapo,77,8,91,4,11,8,15,8,34,4
Senator Mike Rounds,89,8,73,5,57,8,10,8,63,5
Senator Pat Toomey,72,8,84,4,20,8,20,8,53,4
Senator Roger Wicker,84,8,88,4,9,8,21,7,22,4
Senator Ron Johnson,45,8,72,4,25,8,28,7,68,4
Senator Roy Blunt,59,8,40,4,56,8,25,8,86,4
Senator Ted Cruz,35,8,82,4,6,8,50,8,36,4
Senator Thad Cochran,79,8,85,4,7,8,31,7,26,4
Senator Thom Tillis,85,8,84,5,20,8,16,8,47,5
SenDanSullivan,58,8,77,5,12,8,38,8,34,5
Sensenbrenner Press,67,9,92,5,3,9,24,8,21,5
Shelley Moore Capito,82,8,79,4,38,8,15,8,57,4
Stephen Fincher,74,8,70,4,39,8,15,8,51,4
Steve Chabot,79,8,70,5,58,8,13,7,70,4
Steve Daines,81,8,81,4,35,8,15,7,46,4
Steve King,60,8,86,4,6,8,30,7,33,4
Steve Knight,86,10,33,6,93,10,1,10,98,6
Steve Pearce,82,8,84,4,23,8,16,8,46,4
Steve Stivers,15,9,53,5,79,9,56,8,60,5
Susan W. Brooks,90,8,77,4,64,8,11,7,68,4
Ted Poe,80,8,91,4,6,8,14,8,32,4
Ted Yoho,77,9,70,5,53,9,14,8,73,5
Thomas Massie,66,8,89,5,10,8,16,8,37,5
Tim Scott,73,8,72,4,51,8,21,7,68,4
Tom Cotton,83,8,92,4,12,8,16,8,37,4
Tom Emmer,89,8,73,5,59,8,10,8,65,4
Tom Graves,75,8,80,4,20,8,18,8,41,4
Tom MacArthur,88,8,64,5,69,8,11,8,73,5
Tom McClintock,78,9,92,5,5,9,21,8,18,5
Tom Price,61,8,79,4,12,8,36,8,27,4
Tom Reed,86,8,74,5,41,8,18,8,42,5
Tom Rooney,35,8,70,4,5,8,50,7,26,4
Trent Kelly,83,9,76,6,65,9,8,9,80,5
Trey Gowdy,73,8,87,5,19,8,10,8,73,5
U.S. Rep. Billy Long,77,8,85,4,17,8,24,7,26,4
U.S. Rep. Bob Latta,82,8,79,4,19,8,18,7,37,4
US Rep Rodney Davis,90,8,85,4,28,8,10,7,37,4
US Rep. Mike Turner,69,8,80,5,21,8,22,8,70,4
Virginia Foxx,15,9,53,5,79,9,56,8,60,5
